spec_id,commit_id,repo_path,link_label
56f14b98-15b6-4872-bb52-524354c67b5a,a9769e98e013cc5233f47b392695b1fbd506ffa2,.,implements
78137198-f761-4612-b7af-5b80cb85672f,d3312057512892736d3a223dd208107080e6e44e,.,implements
60ae8a1c-e3dc-4f42-a830-7b16b885ce80,f79327389189eca2b2e34174910800fda742aa37,.,fixes
60ae8a1c-e3dc-4f42-a830-7b16b885ce80,f96d66d563e6f78e92bf99ab759f26f0f5350782,.,implements
4fcca1f7-beb0-46f3-8a44-3b473527ee2b,bfff5edd192643991c97fcf7895ffaac6e5e5333,.,implements
ecb02f19-13e7-45f2-9cf1-f15aff07606e,2d5e3aa5bbd034da4deed8944079f55728e63c54,.,implements
ecb02f19-13e7-45f2-9cf1-f15aff07606e,ee32677006c1ff4a4e96dbac8fdce40ed3caed0e,.,implements
57656705-d47f-48a0-a605-73e477c0fff2,c7424d03ba760c593710c84edb8679da0d8d2505,.,implements
ad6b4e02-e8f5-40e7-b0b4-0b7f9c23687e,cdce0a2cf7b9358d821032320db154558c68087d,.,implements
ffbc2d09-a966-43df-9cee-09d790c2d6fc,07f34d776c8c2496d28c514fb95078ee165f3074,.,implements
d6963cd6-6ef4-48fa-adcb-6371102f09fd,e62300d528da7db33ea05d3c0b41143fd2a6e603,.,implements
8bd0e260-bf2f-45fc-b6d6-bc92b62b5d85,df938fef4fabf2cc5a6a1f6cb5f6b860700f9f79,.,implements
bd1ff288-f00b-410e-b09a-78d2e43de492,9fe6800e54f0cee027ce1634c58e72fa4440341d,.,implements
11d6e5b3-87bd-4e4d-a50a-3d96832e7f28,f757f3cc4f242a21c3d4f5bc1e78c117128a29d3,.,implements
23c72052-3faa-460b-bdac-20f70d8d65e8,cd1ff1e1d342891482412b6c059f2541f9199d71,.,implements
c7501832-2554-4fa2-a4d8-6f5f6213ed04,fcea9900f97165610cc56d4ed7614af420368b4d,.,implements
565116ca-60c6-4c4b-9f27-e7975f053dcd,b5865ce6e641b316fca368fbd632676d136285fb,.,fixes
565116ca-60c6-4c4b-9f27-e7975f053dcd,b8a73571287338e99bb9a8f48e0173d72c7d4791,.,implements
cde50ab2-3106-46fe-bd37-7c0eaa75f5e6,71df743ae2f21bda4fb5d86546e4ad74a0af2adf,.,implements
7b3e243d-1b57-4ec0-bc03-d21ae68282c1,14a805359432d13beed1ab7e24088e65afa42216,.,implements
4ff969e1-d214-4785-a551-8e4051ecc025,4e4867d52f1605e6ef19c076c017a022f4c9a010,.,implements
4ff969e1-d214-4785-a551-8e4051ecc025,73410ea048f83f002a2424f4ed69bbe56b9c5d09,.,implements
c6a68b4d-73a4-42df-8039-e0a9b9d42ff7,f14bf8fe3a1f92b8a4013dfd82763c6074e321d7,.,implements
66b80fad-9bf3-4f3e-a85b-4832173b8772,db684938450def01d36cd648a3a92ffbadb08933,.,implements
35fa9a2e-3eed-476d-96c6-e336c4194321,13162d0cf18ab31fab30886cedbc4f36111bddfe,.,implements
b004bccf-1994-40b4-bb4c-cedfe58cbfb2,f4f22279b94d8f8c4d1daf2253ab4fb9081851ec,.,implements
894c0c15-e301-4e74-a525-ff07872b9722,78d9ae57b31c4ba186bd33dd3e3187a7cb4692b4,.,implements
4d527152-6566-4d35-b2c6-49c5b54a6c4e,cf689715c6c08156abf160e2bcb857babb060080,.,fixes
4d527152-6566-4d35-b2c6-49c5b54a6c4e,78d9ae57b31c4ba186bd33dd3e3187a7cb4692b4,.,implements
34456cde-baa3-4988-9fe8-a3805c295f80,613b93c3f410ad42cf0f18dcb7448da745c968c9,.,implements
34456cde-baa3-4988-9fe8-a3805c295f80,f740ba4fe82ed6d71a134693a98730c05d0dc5ae,.,implements
ce627d72-316e-4f89-82da-f006bc607417,a611dca2ecac3ad4029a38797477698a0560103a,.,fixes
ce627d72-316e-4f89-82da-f006bc607417,276bab3bdb5356983809837e5ffbff8ee4914293,.,implements
ce627d72-316e-4f89-82da-f006bc607417,64efc4c5a20068f054fcb40c90b14d82c307a0fb,.,implements
ce627d72-316e-4f89-82da-f006bc607417,0e0bf38605663bd18fa0ee4693280696dce7e23a,.,implements
218df91d-aba9-4053-b0df-7d1c3bd608ee,7a1147270d42d10f4510c0fb51d5f6e240777acd,.,implements
3502643f-7367-4870-a6ab-dc4f70e440e0,936e5a5f6236cfcbc077f82cbdacd27f06ae5f96,.,implements
e5a42227-8342-4f64-b626-9fa5b887c811,af6a23a3113714e387f6a94902c9f24185b076aa,.,implements
e5a42227-8342-4f64-b626-9fa5b887c811,c1039c02e8950f3231bc71ccd9356436a472ecc9,.,implements
f8bcb759-fce5-4067-8a69-b8c4c3c2d1e9,269547d35c3432209f546cfd9c448fd45e4e544a,.,implements
90915905-b627-4fa9-a7f5-f294047bd57f,db684938450def01d36cd648a3a92ffbadb08933,.,fixes
05a934ba-f16f-4af5-a453-f9d574cc0499,b9ce1b3c3b3a8e24ec85ebde1f251d077ab038cb,.,implements
67eddda3-767e-4b6d-8020-ae8451577c4e,835e74195a54b422f6df8197985b091f64288cbb,.,implements
ab7f17c5-7c2b-44ed-b950-4a1f902ffd87,5dd784453ea5d858e1fc396c182d1343cdbdf733,.,implements
af285173-d007-4fca-93f1-36ee5c5468cd,43b5d4c50b2c159307eccd1161a2a41b07df3222,.,implements
af285173-d007-4fca-93f1-36ee5c5468cd,5dd784453ea5d858e1fc396c182d1343cdbdf733,.,implements
73907d23-8d29-4f4b-84a0-2bd1604f3ed1,40f4e95d0cc224fb9f4dcd8bae2b7ce1d69c6f0d,.,fixes
73907d23-8d29-4f4b-84a0-2bd1604f3ed1,b5f2546de79549217404e43c711195990a51058d,.,implements
1c58b5ce-20ee-4e95-8d37-70469e129c46,6f90e91a628099e6217b650a062a89b039a783e2,.,implements
fc98cf7a-264b-4591-b0d6-74ada42d3ac9,2ff476559568d3b0b001e665e090e5a3ea4ff9e3,.,implements
fc98cf7a-264b-4591-b0d6-74ada42d3ac9,a4508066b832c5517b51f99769008552056cb330,.,implements
48ac39a1-717e-46ee-a4d8-a33ffa72a080,71fec31c6ba3cf352ae60233bdbdb5109f8a988e,.,implements
c3793af0-6100-4e84-bf7a-b75044ba7ab3,a26fb89d73b12355e05d5428c09ffaedc5a47770,.,implements
afa82ae3-6260-4dbf-bfde-360df3199500,b4bbb822073babde4ec43cd1a9b8f6cc66ef8e3a,.,implements
ae4d12f1-0f84-42cd-8b4c-a1fb781a06c1,37e159f64312c5e449aa6689731052dc4c241799,.,implements
ae4d12f1-0f84-42cd-8b4c-a1fb781a06c1,a91d184cf32d009f6e7d48cbcdc8e8a5f7b774ee,.,implements
e533af6d-407b-4f9a-83ba-333744bc91a8,62c46ab8486226f8ac95b9504f622ac47b02d43c,.,implements
e4326412-e723-453f-aeda-a2e2d6a7a169,8e175621c2da3fd7ed1781e3b6d842d913058737,.,implements
fe70c1c0-5c5d-4caa-9d09-2ed35bbb0d3e,50e05cfb538657a14e5fd446b2b9a25eb04e63bf,.,implements
fe70c1c0-5c5d-4caa-9d09-2ed35bbb0d3e,431050e0a49ada337195a05317a92cc6b4813b67,.,implements
fe70c1c0-5c5d-4caa-9d09-2ed35bbb0d3e,701b1430e20f7460491a38679bd3c22c31949aa5,.,implements
fe70c1c0-5c5d-4caa-9d09-2ed35bbb0d3e,948bbed8d5cb5e0e28ed1ee37ae378c523c65148,.,implements
7d8256f3-9e44-40ad-8a12-af612f2744ae,b67a4acb34d5d0d700b9446f1fe28b74c00d2198,.,implements
7d8256f3-9e44-40ad-8a12-af612f2744ae,c6ecc6d85f9282218369089050afe5755aa46665,.,implements
8222b0dc-98d7-4798-a776-f8fbc156863e,f3ddf54e52f6267f4122d8acc1ba2a1dc44cc229,.,implements
f76c1340-177a-4352-b2e8-944b6ef6c11a,5737ee6b30aa34c637d633b41598cd3975a60bde,.,implements
b5326b89-fb18-4326-9e3b-12e4d5c008cc,592fdb65281bab003e3953f2a351ab021afa2d87,.,implements
b5326b89-fb18-4326-9e3b-12e4d5c008cc,1deea9abd30a212c3b6422875d25501e05905980,.,implements
19d35c88-1bcb-401d-b6c9-354b5973999c,4a86c42e58659f777ca033e29c917a2a13969b3a,.,implements
d231c582-fad2-4bab-8352-eef2f46187f8,66e11c05b61ec6b0475a7a1147b839de6dbe64a9,.,implements
d8f2fa83-acbd-47a7-9938-8f8066ab8c6a,41e347b9bd433fa19ac71813b34ac1d4accd764b,.,implements
edddd0ac-1c76-4422-85e3-b547fe3dbcdc,063f3b6dfe84524c7d5a227f03db209096a550b3,.,implements
845504b7-eb55-4207-af8f-a27ba79a5906,2b0f94a56c54978d6c7ede7b992b526991703f95,.,implements
6f5ecdd9-96c1-4957-976c-7a9b23cec49e,9f7a9b4669698a8a4e7950873da7f8fedf9e88c0,.,implements
6f5ecdd9-96c1-4957-976c-7a9b23cec49e,59f038392316787a81e57aec272da1557016c297,.,implements
4ff969e1-d214-4785-a551-8e4051ecc025,3338ffce258d76021fc03b89be36f2bfa33e2704,.,fixes
35d02aa5-0fd2-455e-a955-a589f0af5f0a,577c29ecf816fa943e2a4bb67a7b8d0097409cd1,.,implements
35d02aa5-0fd2-455e-a955-a589f0af5f0a,be182f86370a8e5699f47063107608b6475e1cfd,.,implements
35d02aa5-0fd2-455e-a955-a589f0af5f0a,9556994f871f66f5e6e4219bd165511856a33f40,.,implements
35d02aa5-0fd2-455e-a955-a589f0af5f0a,8fff5147a4b79c0c47b553b6630f74c6387619ff,.,fixes
35d02aa5-0fd2-455e-a955-a589f0af5f0a,16b9fa99eb62642c9f69fc64abc1aee6bf5e1d72,.,implements
7cb6deb6-89c1-4498-a486-c0febaee2bf0,e5c86dcfc91e6f4bee22fe8fb64cfedc7893c2ac,.,implements
7cb6deb6-89c1-4498-a486-c0febaee2bf0,3c43dc269fa3fd88126334fc927bcaf959c76add,.,implements
c5a11328-6287-463f-a4b4-39f2cc3cf7b0,1b643f41f0c0fb6a0d2bb2f1924231e29940d6e3,.,implements
c5a11328-6287-463f-a4b4-39f2cc3cf7b0,8f248e00f26804c8e65a267bf91933839c83bd9a,.,implements
c5a11328-6287-463f-a4b4-39f2cc3cf7b0,05b8fcbb9ee6b4ced29a5edb1e07afb1f780e51a,.,implements
23c71e03-6e8c-4d80-b350-bee4cb552a1a,772cb279b695a522f3c984a5f3f3a7973ebe633b,.,implements
b127f886-6dc3-4082-83fe-db3213b231be,2c2f56d5d7a77f2ba11bb691fd87bda1f5d89129,.,implements
8198916e-9d97-47e8-8b3e-985070470444,caba5755bdc5a11ffe3037cdfd696894e9b2a604,.,fixes
d962860c-afc8-421b-9de7-5510d4fc2743,caba5755bdc5a11ffe3037cdfd696894e9b2a604,.,implements
d4e9a89a-b477-4251-b338-542a10f822fa,4292d24411f21630510ee34aa3df7c92ac8f536a,.,implements
0da8b730-7795-465c-8540-bf6f794dfdf8,69fdf2f0e965037b943c18904882a700d12fef83,.,implements
eab3ab38-61a5-4ccb-806c-a9e94b8233c4,b6398c8bfaf6a7e14f41be37573f5b3fbb6793ae,.,implements
5df07fe5-de8d-4813-b81c-7bac15177b3e,5c2bd79363458ca4505dd401292ab08918172639,.,implements
021dc67c-2029-4064-83e3-f99a125c1854,d39869634eac8ba4577bcdd1235a6b5a41c445c9,.,implements
cdeddb88-278f-4afa-9fe6-4617254cda45,d8d099a00b7ea166282f9302ec7db5d0351e8bf8,.,implements
52999c7b-0412-4ee6-825e-969b79d8bb37,190c66f87ead08b7a45c9cc89741b65d4041174c,.,implements
53cf01df-9c0b-4652-82a5-0404df54ccb8,47d79ac64010cb2889142d2474b7ddedb355215b,.,implements
353934d2-738c-40b1-8e34-10184a874449,8505330dbda79ba6639dcab8fbf8cf8136f7da16,.,implements
f996588d-11d3-47ff-8672-97f84b1c50c0,5cbe4f4c066eea5ad869f9fbad4096f81a9db4ce,.,implements
d64475a3-c93e-4b2d-8595-31cb5fc26c9d,45042434c42cad274e5ae6a1081f1e57f4766d9d,.,implements
b127f886-6dc3-4082-83fe-db3213b231be,b2d7323a9eda82cc46e3b0f6344474700c92cd77,.,fixes
dd332894-5f9a-47e6-af30-8686bbd5ebaf,5126ff63adc9b388699d4eb387fd8c0391eb240f,.,implements
dd332894-5f9a-47e6-af30-8686bbd5ebaf,61ee1cbea9416b99a751116db9bfac1536da7b93,.,refactors
b004bccf-1994-40b4-bb4c-cedfe58cbfb2,b4109c371fea488d45e7864b97ac460effd25a7a,.,implements
dd332894-5f9a-47e6-af30-8686bbd5ebaf,bccced29ee7784e2f4d015ba5395d5bf744a7050,.,refactors
dd332894-5f9a-47e6-af30-8686bbd5ebaf,9f795541cb68eed02b9766b9570eb34cedfa53a0,.,refactors
dd332894-5f9a-47e6-af30-8686bbd5ebaf,49284e32d3eab70d5fa9adf176be52146696f304,.,refactors
dd332894-5f9a-47e6-af30-8686bbd5ebaf,28a78fcb4a54327d217b3b858604dcbc37a19051,.,fixes
340bc44e-ce94-4061-a167-1f41d45dd718,f3e152f057bbfc4e6d0f6b2ffdf9d3f107f87a84,.,fixes
71eb1ee0-4442-4473-ad4e-5c18c5d59bd2,1ae04a43931764d08f2f7d988a2c867849eb5fad,.,implements
717c57a1-db3e-4661-90da-980188520bf2,70606f5bfab82731601e5f513fc82c43a43fb56a,.,implements
02dfabc4-9a5e-4c7b-b743-6e60ef3350a7,0a46400f7e9cbb9a234ec4c9289166ad03487ca1,.,implements
35d02aa5-0fd2-455e-a955-a589f0af5f0a,6b87fb9550d87d4ae82a457f6ea1298e1713495b,.,implements
89ee8528-e18b-4ad3-9385-592842b49f17,035159a68601b459a6a5cdf0aec86617263c6a90,.,implements
d277df26-4b7c-4e9e-a503-971d50f59c1d,8e7eaf2a24e327ea95daa7be371e38c24f351b63,.,implements
959f6d69-87a1-4723-b966-f8c7440b51fb,e8e21da3c3b55f64ab451e9a9eebd2050c97e7a5,.,implements
35fa9a2e-3eed-476d-96c6-e336c4194321,963cdfb5d2ca438af90c76396bbc0b30d7b6cfcf,.,refactors
b004bccf-1994-40b4-bb4c-cedfe58cbfb2,94eb0e185cc31437928f50a39cdaf9d922aabc42,.,updates
55d807f6-c955-48da-8734-d10ec4442492,baaf823a91254bf514795356045facaac1d638e5,.,fixes
23deff9f-24e1-441c-ac75-36673ca9652a,ac3ae916ed5792e8f46f4f32a94f27ef50d392fa,.,implements
85321831-cf0e-4304-a4ef-dca43b23a665,633ce70e41018befb73367c600fc8720edcfdaf8,.,implements
10bed943-0cf7-4ce0-9420-786d15a8c77b,c7cadf8ca54186ba33d25d39e0fe2c6e23042d25,.,implements
23deff9f-24e1-441c-ac75-36673ca9652a,ac3ae916ed5792e8f46f4f32a94f27ef50d392fa,.,implements
b004bccf-1994-40b4-bb4c-cedfe58cbfb2,e1817d1946c46c53d4451ec02ae91042da4d4d43,.,tests
2046d341-46ac-4548-bf88-bd6adc1ebd28,4226f616936af9f24a23c67c675d02d7b5c302b4,.,implements
2046d341-46ac-4548-bf88-bd6adc1ebd28,52fd7d8f59efe9900669ee86ad61a8879ea4904d,.,implements
151affbc-31b0-419e-9cbb-52daa9ddbeaf,6def9446495cf49db13094a7e83d6343a447c34e,.,implements
d6c1644d-c183-44b9-b9b3-1e787fc1cf4f,6def9446495cf49db13094a7e83d6343a447c34e,.,implements
072cab87-50bc-4ebc-94bf-cc2f1861fd19,1e6838996b2460be0548c8dbcb3dc2786259a669,.,fixes
072cab87-50bc-4ebc-94bf-cc2f1861fd19,1e6838996b2460be0548c8dbcb3dc2786259a669,.,tests
dde70897-d90c-4769-9842-ee5ebbf40f69,104c69ba3270701a9aa9079c253a53e2f0b65c90,.,implements
5a09e319-fed4-4a5d-abd2-06d6922d2a9b,b904ffa17296b040532b8a948a5b557bd443d73a,.,implements
fdcc1a82-34cf-40f7-ac46-fb38d4b61ce6,0e8bb8a9829dd604752a96f4d76ad3a07a5d6f31,.,implements
fdcc1a82-34cf-40f7-ac46-fb38d4b61ce6,a16274c320491d2493eee2caef074adacaabbb8a,.,implements
fdcc1a82-34cf-40f7-ac46-fb38d4b61ce6,a0b24519f9b716925bcdb0448bea6ddeb9bf695b,.,implements
eb1de224-aefb-42b2-8046-5eb161eb9a25,96720431b56add8268b824966ed7d87820abfb91,.,implements
b0dec07e-a45c-4bcb-8fe3-71cd67b9bb19,96720431b56add8268b824966ed7d87820abfb91,.,implements
eb1de224-aefb-42b2-8046-5eb161eb9a25,ce5566f46a0d67f194c7c228405d2bc0fd65ddd2,.,fixes
